{"cameraMode":{"drawMode":0,"name":"Shaded","section":"Shading Mode"},"sceneLighting":true,"audioPlay":false,"sceneViewState":{"m_AlwaysRefresh":false,"showFog":true,"showSkybox":true,"showFlares":true,"showImageEffects":true,"showParticleSystems":true,"showVisualEffectGraphs":true,"m_FxEnabled":true},"in2DMode":false,"pivot":{"x":-3.6290409564971926,"y":0.04548835754394531,"z":13.407102584838868},"rotation":{"x":0.20317107439041139,"y":-0.052844732999801639,"z":0.010981917381286621,"w":0.9776543378829956},"size":27.141117095947267,"orthographic":true}